menu label,slug,title,content,
Schedule,washington-schedule,Washington Schedule,Watch this space for more info,
Speakers,washington-speakers,Washington Speakers,Watch this space for more info,
Committee,washington-organizers,Washington Organizers,Watch this space for more info,
Sponsors,washington-sponsors,Washington Sponsors,Watch this space for more info,
Schedule,raleigh-schedule,Raleigh Schedule,Watch this space for more info,
Speakers,raleigh-speakers,Raleigh Speakers,Watch this space for more info,
Committee,raleigh-organizers,Raleigh Organizers,Watch this space for more info,
Sponsors,raleigh-sponsors,Raleigh Sponsors,Watch this space for more info,
,,,,
